treat,re78,age,education,black,hispanic,married,nodegree,re75,Prior Unemployment Duration
1.0,9930.0458984375,37.0,11.0,1.0,0.0,1.0,1.0,0.0,2.888617052181916
1.0,3595.89404296875,22.0,9.0,0.0,1.0,0.0,1.0,0.0,0.6757332590788404
1.0,24909.44921875,30.0,12.0,1.0,0.0,0.0,0.0,0.0,1.0671009204893003
1.0,7506.14599609375,27.0,11.0,1.0,0.0,0.0,1.0,0.0,0.23439445032225667
1.0,289.7898864746094,33.0,8.0,1.0,0.0,0.0,1.0,0.0,1.220360525418751
1.0,4056.493896484375,22.0,9.0,1.0,0.0,0.0,1.0,0.0,1.03329644806899
1.0,0.0,23.0,12.0,1.0,0.0,0.0,0.0,0.0,0.7476275617995176
1.0,8472.158203125,32.0,11.0,1.0,0.0,0.0,1.0,0.0,0.9743019687266077
1.0,2164.02197265625,22.0,16.0,1.0,0.0,0.0,0.0,0.0,0.6420667686756351
1.0,12418.0703125,33.0,12.0,0.0,0.0,1.0,0.0,0.0,0.7656990110672346
1.0,8173.908203125,19.0,9.0,1.0,0.0,0.0,1.0,0.0,0.40595030620575406
1.0,17094.640625,21.0,13.0,1.0,0.0,0.0,0.0,0.0,2.8345840654160566
1.0,0.0,18.0,8.0,1.0,0.0,0.0,1.0,0.0,2.40340624666709
1.0,18739.9296875,27.0,10.0,1.0,0.0,1.0,1.0,0.0,0.323181461547345
1.0,3023.87890625,17.0,7.0,1.0,0.0,0.0,1.0,0.0,0.7392094232789077
1.0,3228.5029296875,19.0,10.0,1.0,0.0,0.0,1.0,0.0,2.512080579166878
1.0,14581.8603515625,27.0,13.0,1.0,0.0,0.0,0.0,0.0,2.1625332684639416
1.0,7693.39990234375,23.0,10.0,1.0,0.0,0.0,1.0,0.0,1.481933268461672
1.0,10804.3203125,40.0,12.0,1.0,0.0,0.0,0.0,0.0,0.2583712655400788
1.0,10747.349609375,26.0,12.0,1.0,0.0,0.0,0.0,0.0,0.44171912381216144
1.0,0.0,23.0,11.0,1.0,0.0,0.0,1.0,0.0,2.87433793520296
1.0,5149.5009765625,41.0,14.0,0.0,0.0,0.0,0.0,0.0,1.2240655262247013
1.0,6408.9501953125,38.0,9.0,0.0,0.0,0.0,1.0,0.0,0.36397365039643065
1.0,1991.4000244140625,24.0,11.0,1.0,0.0,0.0,1.0,0.0,0.8361956657877687
1.0,6281.43310546875,33.0,11.0,1.0,0.0,0.0,1.0,7867.916015625,0.42909013616327224
1.0,11163.169921875,18.0,10.0,1.0,0.0,0.0,1.0,0.0,1.4855820878927952
1.0,9642.9990234375,29.0,11.0,1.0,0.0,1.0,1.0,0.0,1.1309024059120598
1.0,9897.048828125,25.0,11.0,1.0,0.0,0.0,1.0,0.0,0.6946354059709874
1.0,11142.8701171875,27.0,10.0,0.0,1.0,0.0,1.0,0.0,0.27575408502359483
1.0,16218.0400390625,17.0,10.0,1.0,0.0,0.0,1.0,0.0,0.43435762794136723
1.0,995.7001953125,24.0,11.0,1.0,0.0,0.0,1.0,0.0,1.7234908655285053
1.0,0.0,17.0,10.0,1.0,0.0,0.0,1.0,0.0,0.9817123592493683
1.0,26372.279296875,26.0,11.0,1.0,0.0,1.0,1.0,2754.64599609375,0.8642539083830358
1.0,6551.591796875,48.0,4.0,1.0,0.0,0.0,1.0,0.0,1.6946999239025913
1.0,1574.4239501953125,25.0,11.0,1.0,0.0,1.0,1.0,0.0,0.7482715006952765
1.0,0.0,20.0,12.0,1.0,0.0,0.0,0.0,0.0,0.707490456754783
1.0,3191.7529296875,25.0,12.0,1.0,0.0,0.0,0.0,0.0,0.4986881742531192
1.0,20505.9296875,42.0,14.0,1.0,0.0,0.0,0.0,0.0,1.263026891192815
1.0,6181.8798828125,25.0,5.0,1.0,0.0,0.0,1.0,0.0,0.5225898708247032
1.0,5911.55078125,23.0,12.0,1.0,0.0,1.0,0.0,0.0,0.9049624188086077
1.0,3094.156005859375,46.0,8.0,1.0,0.0,1.0,1.0,0.0,1.3619906756611129
1.0,0.0,24.0,10.0,1.0,0.0,0.0,1.0,0.0,0.24132323685518317
1.0,1254.58203125,21.0,12.0,1.0,0.0,0.0,0.0,0.0,0.3888933392060361
1.0,13188.830078125,19.0,9.0,0.0,0.0,0.0,1.0,0.0,0.5062954843533903
1.0,8061.48486328125,17.0,8.0,1.0,0.0,0.0,1.0,0.0,0.7910991306166625
1.0,2787.9599609375,18.0,8.0,0.0,1.0,1.0,1.0,0.0,0.2333003144170545
1.0,3972.5400390625,20.0,11.0,1.0,0.0,0.0,1.0,0.0,1.7366041279963271
1.0,0.0,25.0,11.0,1.0,0.0,1.0,1.0,0.0,0.1978907178451042
1.0,0.0,17.0,8.0,1.0,0.0,0.0,1.0,0.0,0.5786494211513956
1.0,0.0,17.0,9.0,1.0,0.0,0.0,1.0,0.0,1.0139600450155768
1.0,12187.41015625,25.0,5.0,1.0,0.0,0.0,1.0,0.0,0.8311355257944157
1.0,4843.17578125,23.0,12.0,1.0,0.0,0.0,0.0,0.0,1.3329405451229985
1.0,0.0,28.0,8.0,1.0,0.0,0.0,1.0,0.0,0.3442585821039033
1.0,8087.48681640625,31.0,11.0,1.0,0.0,1.0,1.0,0.0,0.7671185588050978
1.0,0.0,18.0,11.0,1.0,0.0,0.0,1.0,0.0,2.9293712557195724
1.0,2348.972900390625,25.0,12.0,1.0,0.0,0.0,0.0,0.0,0.9039614840038782
1.0,590.7817993164062,30.0,11.0,1.0,0.0,1.0,1.0,0.0,0.11278063591848916
1.0,0.0,17.0,10.0,1.0,0.0,0.0,1.0,0.0,1.364419201177149
1.0,1067.5059814453125,37.0,9.0,1.0,0.0,0.0,1.0,0.0,0.8443479581135541
1.0,7284.98583984375,41.0,4.0,1.0,0.0,1.0,1.0,0.0,0.6062568944594405
1.0,13167.51953125,42.0,14.0,1.0,0.0,1.0,0.0,0.0,1.7887818453233235
1.0,1048.4320068359375,22.0,11.0,0.0,0.0,0.0,1.0,0.0,1.786336958763581
1.0,0.0,17.0,8.0,1.0,0.0,0.0,1.0,0.0,0.3286556788998147
1.0,1923.93798828125,29.0,8.0,1.0,0.0,0.0,1.0,0.0,0.9956698778463394
1.0,3196.571044921875,28.0,10.0,1.0,0.0,0.0,1.0,2836.506103515625,0.9415914144135658
1.0,4666.23583984375,35.0,10.0,1.0,0.0,0.0,1.0,0.0,0.8192341391687487
1.0,549.2984008789062,27.0,11.0,1.0,0.0,0.0,1.0,0.0,1.9373668012076097
1.0,762.9146118164062,29.0,4.0,1.0,0.0,0.0,1.0,0.0,1.4156691879207568
1.0,10694.2900390625,28.0,9.0,1.0,0.0,0.0,1.0,0.0,0.6723994830348613
1.0,0.0,27.0,11.0,1.0,0.0,0.0,1.0,0.0,2.5780951727700256
1.0,0.0,23.0,7.0,0.0,0.0,0.0,1.0,0.0,0.593842515317893
1.0,8546.71484375,45.0,5.0,1.0,0.0,1.0,1.0,0.0,1.4111337999142117
1.0,7479.65576171875,29.0,13.0,1.0,0.0,0.0,0.0,0.0,1.380058546941142
1.0,0.0,27.0,9.0,1.0,0.0,0.0,1.0,0.0,0.43503653476194537
1.0,647.20458984375,46.0,13.0,1.0,0.0,0.0,0.0,0.0,0.7335570246182124
1.0,0.0,18.0,6.0,1.0,0.0,0.0,1.0,0.0,0.6327670051662111
1.0,11965.8095703125,25.0,12.0,1.0,0.0,0.0,0.0,0.0,2.9845511167939858
1.0,9598.541015625,28.0,15.0,1.0,0.0,0.0,0.0,0.0,0.05792394901698074
1.0,10363.26953125,31.0,9.0,1.0,0.0,0.0,1.0,1698.6070556640625,1.178029339461064
1.0,18783.349609375,25.0,11.0,0.0,0.0,0.0,1.0,0.0,1.9453968914205175
1.0,18678.080078125,22.0,12.0,1.0,0.0,0.0,0.0,0.0,1.5362100915273518
1.0,60307.9296875,28.0,11.0,1.0,0.0,0.0,1.0,1284.0789794921875,1.6912439295817843
1.0,0.0,21.0,9.0,1.0,0.0,0.0,1.0,0.0,1.9753569416550756
1.0,23005.599609375,40.0,11.0,1.0,0.0,0.0,1.0,0.0,1.7132187795101446
1.0,6456.69677734375,22.0,11.0,1.0,0.0,0.0,1.0,0.0,1.5087588137944117
1.0,0.0,25.0,12.0,1.0,0.0,0.0,0.0,0.0,0.7370739600989537
1.0,1773.4229736328125,27.0,9.0,1.0,0.0,1.0,1.0,934.4453735351562,0.9277218596623544
1.0,11233.259765625,23.0,10.0,1.0,0.0,1.0,1.0,936.4385986328125,1.5560752113845808
1.0,0.0,29.0,10.0,1.0,0.0,0.0,1.0,4398.9501953125,0.9364600139833228
1.0,2321.10693359375,18.0,12.0,1.0,0.0,0.0,0.0,0.0,4.218373086186537
1.0,4941.84912109375,38.0,12.0,0.0,0.0,0.0,0.0,0.0,0.9550287544141961
1.0,0.0,27.0,13.0,1.0,0.0,0.0,0.0,0.0,1.2953614639457363
1.0,0.0,27.0,8.0,1.0,0.0,0.0,1.0,0.0,0.5554012413163937
1.0,0.0,38.0,11.0,1.0,0.0,0.0,1.0,0.0,0.7092881204828095
1.0,3881.283935546875,23.0,8.0,0.0,1.0,0.0,1.0,0.0,0.38036908415159076
1.0,17230.9609375,26.0,11.0,1.0,0.0,0.0,1.0,0.0,0.42780222176671323
1.0,1294.4090576171875,42.0,9.0,1.0,0.0,1.0,1.0,3058.531005859375,0.390055706104699
1.0,8048.60302734375,21.0,12.0,0.0,0.0,0.0,0.0,0.0,0.33462030641424884
1.0,0.0,25.0,8.0,1.0,0.0,0.0,1.0,0.0,2.373244407084118
1.0,14509.9296875,31.0,11.0,1.0,0.0,1.0,1.0,0.0,1.5187164569670228
1.0,0.0,17.0,10.0,1.0,0.0,0.0,1.0,0.0,0.8644989131222719
1.0,9970.6806640625,19.0,8.0,1.0,0.0,0.0,1.0,2657.056884765625,1.3328341613330625
1.0,17814.98046875,29.0,14.0,1.0,0.0,0.0,0.0,679.6734008789062,0.1109849448665615
1.0,0.0,25.0,11.0,1.0,0.0,0.0,1.0,0.0,0.7122534677969005
1.0,9983.7841796875,21.0,12.0,1.0,0.0,0.0,0.0,0.0,0.34505232604684666
1.0,0.0,44.0,11.0,1.0,0.0,0.0,1.0,0.0,0.34270842120561873
1.0,8124.71484375,19.0,10.0,1.0,0.0,0.0,1.0,385.27410888671875,1.3943354271841462
1.0,5587.5029296875,25.0,12.0,0.0,0.0,0.0,0.0,0.0,0.2816207953829492
1.0,9737.154296875,18.0,10.0,1.0,0.0,0.0,1.0,798.9078979492188,0.8867492445243371
1.0,4482.84521484375,18.0,9.0,1.0,0.0,0.0,1.0,0.0,2.1551045413405476
1.0,17685.1796875,19.0,9.0,1.0,0.0,0.0,1.0,798.9078979492188,0.8187843173824584
1.0,5010.341796875,18.0,9.0,1.0,0.0,0.0,1.0,3287.375,1.477530717957746
1.0,1460.3599853515625,26.0,11.0,1.0,0.0,1.0,1.0,1392.85302734375,0.09639107505984003
1.0,2456.153076171875,42.0,12.0,1.0,0.0,0.0,0.0,0.0,0.1545722328601997
1.0,0.0,25.0,10.0,1.0,0.0,0.0,1.0,0.0,1.9836818501777442
1.0,26817.599609375,31.0,9.0,0.0,1.0,0.0,1.0,0.0,0.8051727203542217
1.0,0.0,24.0,10.0,1.0,0.0,0.0,1.0,0.0,1.5623871547481776
1.0,9265.7880859375,26.0,10.0,1.0,0.0,0.0,1.0,0.0,0.5952561364075106
1.0,1652.636962890625,20.0,12.0,1.0,0.0,0.0,0.0,377.568603515625,0.6673240495059938
1.0,13829.6201171875,19.0,10.0,0.0,0.0,0.0,1.0,5324.10888671875,1.461516294971677
1.0,485.22979736328125,25.0,11.0,1.0,0.0,0.0,1.0,0.0,1.5544462627737536
1.0,4232.30908203125,23.0,8.0,0.0,0.0,1.0,1.0,1713.1500244140625,1.1766005779623385
1.0,2484.549072265625,31.0,12.0,0.0,0.0,0.0,0.0,2611.218017578125,0.9469129587858104
1.0,4814.626953125,18.0,11.0,1.0,0.0,0.0,1.0,0.0,3.506866091472126
1.0,7458.10498046875,19.0,11.0,1.0,0.0,0.0,1.0,0.0,0.8301394745866476
1.0,0.0,43.0,9.0,1.0,0.0,0.0,1.0,0.0,0.4402388931992782
1.0,34099.28125,27.0,13.0,1.0,0.0,0.0,0.0,0.0,0.9463204482091361
1.0,13385.8603515625,26.0,11.0,0.0,0.0,0.0,1.0,2226.26611328125,1.4675068083336855
1.0,5112.01416015625,29.0,10.0,0.0,1.0,0.0,1.0,8853.673828125,1.5857150302572438
1.0,1953.2679443359375,17.0,9.0,1.0,0.0,0.0,1.0,0.0,1.6311243082520386
1.0,0.0,30.0,11.0,1.0,0.0,0.0,1.0,0.0,0.4959857801983378
1.0,10641.240234375,17.0,10.0,1.0,0.0,0.0,1.0,156.9490966796875,0.5460541004227601
1.0,11656.509765625,20.0,12.0,0.0,0.0,1.0,0.0,8644.15625,0.8663574838384908
1.0,3621.70703125,17.0,9.0,1.0,0.0,0.0,1.0,375.1047058105469,1.2323733344673609
1.0,0.0,18.0,12.0,1.0,0.0,0.0,0.0,562.656982421875,0.3983199805778975
1.0,0.0,21.0,11.0,0.0,1.0,0.0,1.0,1395.3900146484375,0.3746990440928333
1.0,0.0,30.0,11.0,1.0,0.0,0.0,1.0,1913.0340576171875,1.070038447896723
1.0,2454.5,18.0,11.0,0.0,1.0,0.0,1.0,5491.53515625,0.3805452772805394
1.0,0.0,20.0,12.0,1.0,0.0,0.0,0.0,9227.55859375,0.638830818482348
1.0,4488.4951171875,20.0,6.0,0.0,1.0,1.0,1.0,10802.98046875,0.181380511112945
1.0,0.0,20.0,10.0,1.0,0.0,0.0,1.0,11073.08984375,1.316663327018879
1.0,2346.827880859375,25.0,8.0,1.0,0.0,0.0,1.0,37431.66015625,1.9495073378575698
1.0,6011.02099609375,17.0,9.0,0.0,0.0,0.0,1.0,1618.1500244140625,1.7446517016911034
1.0,0.0,18.0,10.0,0.0,1.0,0.0,1.0,2589.0419921875,0.8780458419310544
1.0,7913.38623046875,19.0,9.0,0.0,1.0,0.0,1.0,6511.1240234375,0.8081336844154707
1.0,661.1923828125,19.0,11.0,1.0,0.0,0.0,1.0,192.79949951171875,2.734038680448113
1.0,3075.862060546875,27.0,10.0,0.0,1.0,0.0,1.0,421.3023986816406,2.9140843882215335
1.0,1115.8599853515625,18.0,12.0,0.0,1.0,0.0,0.0,535.5532836914062,0.0952009559974697
1.0,317.89520263671875,22.0,11.0,1.0,0.0,0.0,1.0,606.9608764648438,2.742852203358461
1.0,12229.6298828125,20.0,9.0,1.0,0.0,0.0,1.0,660.5159301757812,0.654059323859721
1.0,0.0,20.0,11.0,1.0,0.0,0.0,1.0,696.2191772460938,1.3073864749168695
1.0,480.5270080566406,18.0,10.0,1.0,0.0,0.0,1.0,699.7896118164062,0.7539837829424471
1.0,3251.10009765625,17.0,10.0,1.0,0.0,0.0,1.0,856.8864135742188,1.1892642326704113
1.0,11460.5595703125,26.0,12.0,1.0,0.0,0.0,0.0,1088.906982421875,1.1863898213741002
1.0,7315.4521484375,22.0,10.0,1.0,0.0,0.0,1.0,1071.1080322265625,0.6341674433688578
1.0,702.1838989257812,20.0,12.0,1.0,0.0,0.0,0.0,1160.365966796875,0.8488854323441136
1.0,0.0,18.0,8.0,1.0,0.0,0.0,1.0,1199.6409912109375,1.6505509690004456
1.0,15369.48046875,18.0,9.0,1.0,0.0,0.0,1.0,1285.3299560546875,0.6105984717973023
1.0,12064.41015625,18.0,10.0,1.0,0.0,0.0,1.0,1371.0169677734375,0.7934555797266336
1.0,13278.9697265625,19.0,10.0,1.0,0.0,0.0,1.0,1374.5870361328125,0.9475638387997101
1.0,8836.56640625,18.0,9.0,0.0,1.0,0.0,1.0,1713.77294921875,1.011365711277073
1.0,4387.05712890625,17.0,10.0,0.0,1.0,0.0,1.0,2202.7958984375,0.5039188195754307
1.0,11965.8095703125,19.0,11.0,1.0,0.0,0.0,1.0,1927.9949951171875,0.31957895740343994
1.0,2186.18896484375,27.0,11.0,1.0,0.0,1.0,1.0,2142.217041015625,1.519809201005247
1.0,2975.031005859375,19.0,10.0,1.0,0.0,0.0,1.0,3213.113037109375,0.7509997978729823
1.0,14271.23046875,19.0,9.0,0.0,1.0,0.0,1.0,3276.14990234375,0.5023967845993798
1.0,2094.118896484375,27.0,10.0,1.0,0.0,0.0,1.0,3213.322021484375,1.1114905389348106
1.0,11300.240234375,21.0,11.0,1.0,0.0,1.0,1.0,4167.998046875,0.13458715798407
1.0,130.67909240722656,29.0,10.0,1.0,0.0,1.0,1.0,4923.26318359375,1.0991376753216804
1.0,2877.681884765625,34.0,11.0,0.0,1.0,0.0,1.0,4641.466796875,0.9442600349462288
1.0,6103.74609375,25.0,10.0,0.0,0.0,0.0,1.0,4712.8740234375,0.9227157595332205
1.0,2329.866943359375,31.0,13.0,0.0,0.0,0.0,0.0,5498.35009765625,0.3373946540803862
1.0,0.0,41.0,9.0,1.0,0.0,1.0,1.0,5783.98095703125,0.3622270509885647
1.0,9381.294921875,21.0,11.0,0.0,1.0,0.0,1.0,6658.56201171875,0.5264469981474805
1.0,16451.4609375,20.0,11.0,1.0,0.0,0.0,1.0,6426.64599609375,0.8227227178253561
1.0,6485.5078125,24.0,12.0,0.0,1.0,1.0,0.0,7212.10986328125,0.30264096119993766
1.0,3154.719970703125,41.0,9.0,1.0,0.0,1.0,1.0,7212.1201171875,1.675207843223794
1.0,3557.93408203125,21.0,12.0,0.0,0.0,0.0,0.0,7390.6337890625,0.08717307660325563
1.0,668.74658203125,22.0,11.0,1.0,0.0,0.0,1.0,7497.751953125,1.661582641720643
1.0,5487.97021484375,20.0,9.0,0.0,1.0,0.0,1.0,8015.44189453125,1.1583204452431823
1.0,9017.00390625,17.0,11.0,1.0,0.0,0.0,1.0,8497.435546875,0.9820913851921294
1.0,0.0,24.0,11.0,1.0,0.0,0.0,1.0,9180.919921875,0.7983492830526531
1.0,10283.490234375,23.0,12.0,1.0,0.0,1.0,0.0,15079.9501953125,0.9130385184946801
1.0,5665.06591796875,23.0,10.0,1.0,0.0,0.0,1.0,15709.5595703125,0.7109778151892244
1.0,2746.614013671875,26.0,11.0,0.0,0.0,0.0,1.0,22959.759765625,0.6621752504433863
1.0,8803.666015625,21.0,13.0,1.0,0.0,0.0,0.0,24806.830078125,1.1435021728073045
1.0,10989.9296875,18.0,10.0,1.0,0.0,1.0,1.0,1958.095947265625,0.7897406420151941
1.0,11134.98046875,22.0,10.0,1.0,0.0,0.0,1.0,653.9542236328125,1.739802580402713
1.0,1433.531005859375,17.0,10.0,1.0,0.0,0.0,1.0,1000.5499877929688,0.9315569600462145
1.0,5518.0830078125,20.0,7.0,1.0,0.0,0.0,1.0,1569.489990234375,2.2387904463970023
1.0,5594.72900390625,17.0,9.0,1.0,0.0,0.0,1.0,1667.5830078125,0.23804035658594414
1.0,3689.1259765625,23.0,11.0,1.0,0.0,0.0,1.0,1961.864013671875,2.9537099486287857
1.0,179.02169799804688,32.0,10.0,1.0,0.0,0.0,1.0,2321.537109375,2.430193368642192
1.0,4551.97900390625,19.0,12.0,1.0,0.0,0.0,0.0,2534.072021484375,0.13079321909158362
1.0,0.0,30.0,10.0,1.0,0.0,0.0,1.0,2615.81689453125,1.3510858862349002
1.0,2090.677978515625,25.0,12.0,1.0,0.0,0.0,0.0,2746.60791015625,0.8691501109231341
1.0,1973.344970703125,26.0,11.0,0.0,0.0,0.0,1.0,4676.45703125,0.8452348705934842
1.0,5861.60302734375,19.0,10.0,1.0,0.0,0.0,1.0,3473.80810546875,0.7758705739701062
1.0,9251.357421875,19.0,8.0,0.0,0.0,0.0,1.0,3416.906982421875,1.939545034605164
1.0,13626.0400390625,20.0,10.0,1.0,0.0,0.0,1.0,5100.8388671875,0.7774536717440871
1.0,7906.3408203125,21.0,11.0,1.0,0.0,0.0,1.0,5310.10693359375,0.3261141401551989
1.0,7947.2568359375,23.0,12.0,1.0,0.0,0.0,0.0,7841.97216796875,0.9396869051556725
1.0,11648.7001953125,19.0,11.0,1.0,0.0,0.0,1.0,6409.02685546875,1.0678915019300943
1.0,18295.8203125,22.0,11.0,1.0,0.0,0.0,1.0,8774.791015625,1.7721448543663525
1.0,14416.83984375,23.0,12.0,1.0,0.0,0.0,0.0,7782.0419921875,0.2495481988100858
1.0,4635.66015625,26.0,10.0,1.0,0.0,1.0,1.0,8141.703125,2.60857191656455
1.0,0.0,24.0,12.0,1.0,0.0,0.0,0.0,12982.33984375,0.43687251369268704
1.0,0.0,18.0,10.0,0.0,1.0,0.0,1.0,12625.509765625,0.18837600041241237
1.0,7661.97314453125,27.0,11.0,1.0,0.0,0.0,1.0,14223.5,1.1440229498290833
1.0,15191.91015625,21.0,11.0,0.0,1.0,0.0,1.0,17983.7109375,1.8781848800414256
1.0,6421.52978515625,25.0,8.0,0.0,0.0,0.0,1.0,23096.650390625,0.5772524642152925
1.0,4350.9072265625,21.0,12.0,1.0,0.0,0.0,0.0,807.9511108398438,1.526547555684602
1.0,0.0,19.0,11.0,1.0,0.0,0.0,1.0,532.2536010742188,1.2940290759845063
1.0,0.0,18.0,11.0,1.0,0.0,0.0,1.0,851.6060791015625,0.8719189841302504
1.0,0.0,34.0,7.0,1.0,0.0,0.0,1.0,857.5194702148438,0.15322726702905345
1.0,11412.240234375,21.0,11.0,0.0,0.0,0.0,1.0,946.2279052734375,1.4856486529550865
1.0,1709.342041015625,25.0,9.0,1.0,0.0,0.0,1.0,1536.5030517578125,0.6003763486856708
1.0,1374.0660400390625,17.0,9.0,1.0,0.0,0.0,1.0,1341.6510009765625,1.073221387701073
1.0,7779.26318359375,28.0,8.0,1.0,0.0,0.0,1.0,1182.7860107421875,1.4480770374002794
1.0,5100.46923828125,18.0,9.0,1.0,0.0,0.0,1.0,1182.7860107421875,0.7683858156693513
1.0,0.0,27.0,12.0,1.0,0.0,0.0,0.0,4310.455078125,0.2673607740103254
1.0,11464.7099609375,23.0,9.0,1.0,0.0,0.0,1.0,1774.1800537109375,0.7724532283302733
1.0,8774.623046875,19.0,8.0,0.0,1.0,0.0,1.0,1862.8890380859375,0.17420256612239277
1.0,0.0,21.0,11.0,1.0,0.0,0.0,1.0,2158.5849609375,1.0606888201071154
1.0,4082.3701171875,21.0,11.0,1.0,0.0,0.0,1.0,2217.72412109375,0.8701956653685461
1.0,0.0,23.0,10.0,1.0,0.0,0.0,1.0,2217.72412109375,0.636769629853563
1.0,2018.5560302734375,27.0,9.0,1.0,0.0,0.0,1.0,2294.60498046875,1.0677747083337743
1.0,0.0,27.0,11.0,1.0,0.0,0.0,1.0,2483.85205078125,0.28510270794006276
1.0,796.5596923828125,23.0,12.0,0.0,0.0,0.0,0.0,3903.195068359375,0.49505213249109803
1.0,7976.93212890625,27.0,8.0,1.0,0.0,0.0,1.0,7218.27685546875,0.497126335257365
1.0,7318.18603515625,28.0,11.0,1.0,0.0,1.0,1.0,6952.580078125,0.6524255005802232
1.0,0.0,25.0,12.0,1.0,0.0,0.0,0.0,5204.2587890625,1.7777159682504615
1.0,9750.66015625,20.0,12.0,1.0,0.0,0.0,0.0,6085.4208984375,0.9832870951890474
1.0,5811.76513671875,26.0,12.0,1.0,0.0,0.0,0.0,6608.80322265625,3.6749151108048244
1.0,3385.81103515625,23.0,10.0,1.0,0.0,1.0,1.0,10495.080078125,2.1140683587430757
1.0,16717.119140625,49.0,8.0,0.0,0.0,1.0,1.0,7285.9482421875,0.5285931923407616
1.0,11293.8095703125,19.0,11.0,1.0,0.0,0.0,1.0,10224.3701171875,0.5324065944415848
1.0,99.57002258300781,21.0,13.0,0.0,0.0,0.0,0.0,8616.8515625,0.8464214875540821
1.0,2777.5849609375,27.0,12.0,1.0,0.0,1.0,0.0,7806.38720703125,1.7849038435132598
1.0,1659.5,23.0,11.0,1.0,0.0,0.0,1.0,8959.5888671875,0.14752909060420835
1.0,8408.392578125,22.0,11.0,1.0,0.0,0.0,1.0,12170.9404296875,1.7432956567208342
1.0,14683.6298828125,24.0,15.0,1.0,0.0,0.0,0.0,13008.5,1.7600495248457995
1.0,0.0,24.0,12.0,1.0,0.0,0.0,0.0,18154.060546875,1.927770615924348
1.0,929.8839111328125,18.0,11.0,1.0,0.0,0.0,1.0,214.5635986328125,1.8063151364322967
1.0,5522.7880859375,17.0,10.0,1.0,0.0,0.0,1.0,5793.85205078125,0.03276865521788807
1.0,5445.2001953125,17.0,9.0,1.0,0.0,0.0,1.0,1253.43896484375,1.7857296871326411
1.0,0.0,28.0,11.0,1.0,0.0,0.0,1.0,6871.85595703125,4.674660363143727
1.0,0.0,27.0,11.0,1.0,0.0,0.0,1.0,2666.27392578125,1.8713760510182231
1.0,4146.60302734375,19.0,11.0,1.0,0.0,0.0,1.0,2615.27587890625,1.0380524544668013
1.0,4321.705078125,18.0,11.0,0.0,0.0,0.0,1.0,919.5579223632812,2.7373827008941216
1.0,1660.508056640625,24.0,10.0,1.0,0.0,0.0,1.0,2421.947021484375,0.571914612716091
1.0,8484.2392578125,23.0,12.0,1.0,0.0,0.0,0.0,3039.9599609375,0.37295715676195706
1.0,743.6666259765625,21.0,9.0,1.0,0.0,0.0,1.0,5749.3310546875,1.028447122713957
1.0,9371.037109375,21.0,12.0,1.0,0.0,0.0,0.0,3332.408935546875,1.335521724975182
1.0,4849.55908203125,24.0,9.0,1.0,0.0,0.0,1.0,2288.675048828125,0.23561814575793635
1.0,1358.6429443359375,20.0,9.0,0.0,1.0,0.0,1.0,5875.048828125,0.7870807620960265
1.0,0.0,25.0,13.0,1.0,0.0,0.0,0.0,3090.73193359375,0.5000969653742986
1.0,3786.6279296875,35.0,8.0,1.0,0.0,1.0,1.0,17976.150390625,1.3402454007988303
1.0,6210.669921875,17.0,9.0,0.0,1.0,0.0,1.0,74.34345245361328,0.29740493781128585
1.0,4032.7080078125,24.0,11.0,1.0,0.0,1.0,1.0,1666.113037109375,0.6930281409787623
1.0,0.0,20.0,12.0,1.0,0.0,0.0,0.0,165.20770263671875,0.1475521180383864
1.0,4279.61279296875,21.0,8.0,1.0,0.0,0.0,1.0,3695.89697265625,0.8995462425083266
1.0,11141.3896484375,18.0,10.0,1.0,0.0,0.0,1.0,1784.2740478515625,0.4375901816745374
1.0,22163.25,27.0,12.0,1.0,0.0,0.0,0.0,357.94989013671875,1.5648434080533888
1.0,3462.56396484375,22.0,9.0,1.0,0.0,0.0,1.0,3836.986083984375,1.0332383403924787
1.0,0.0,46.0,8.0,1.0,0.0,0.0,1.0,2594.722900390625,1.2564178174711262
1.0,0.0,19.0,10.0,1.0,0.0,0.0,1.0,6056.75390625,0.1825339223343707
1.0,6788.462890625,19.0,11.0,0.0,1.0,1.0,1.0,5463.80322265625,0.36894689333330216
1.0,0.0,22.0,12.0,1.0,0.0,0.0,0.0,936.1773071289062,1.0675670795098806
1.0,12590.7099609375,22.0,12.0,0.0,0.0,0.0,0.0,8455.50390625,4.236724013124001
1.0,1424.9439697265625,26.0,12.0,1.0,0.0,1.0,0.0,5794.8310546875,1.6305067098364774
1.0,10976.509765625,29.0,12.0,1.0,0.0,0.0,0.0,4878.93701171875,0.7736695497868227
1.0,9558.5009765625,31.0,9.0,1.0,0.0,0.0,1.0,5517.8408203125,0.3677982110130308
1.0,0.0,29.0,12.0,1.0,0.0,0.0,0.0,1817.2840576171875,0.5576435403929018
1.0,12803.9697265625,35.0,9.0,1.0,0.0,1.0,1.0,13830.6396484375,0.9668631126771319
1.0,0.0,25.0,12.0,1.0,0.0,0.0,0.0,2409.27392578125,0.6590235565486565
1.0,10092.830078125,22.0,12.0,0.0,1.0,1.0,0.0,7055.7021484375,2.9527594799123915
1.0,0.0,27.0,10.0,1.0,0.0,0.0,1.0,3550.074951171875,1.535769748345889
1.0,13228.2802734375,22.0,10.0,1.0,0.0,1.0,1.0,5588.6640625,1.330309205471097
1.0,7535.94189453125,19.0,8.0,1.0,0.0,0.0,1.0,2937.263916015625,0.2634960161514793
1.0,1085.43994140625,20.0,11.0,1.0,0.0,0.0,1.0,1220.8360595703125,0.3818829426615319
1.0,12558.01953125,21.0,12.0,0.0,0.0,0.0,0.0,334.0494079589844,0.7321577160917407
1.0,0.0,27.0,12.0,1.0,0.0,1.0,0.0,334.0492858886719,1.636218678498219
1.0,5615.18896484375,20.0,10.0,1.0,0.0,0.0,1.0,2777.35498046875,0.48785078687136046
1.0,671.331787109375,23.0,12.0,1.0,0.0,0.0,0.0,501.0740966796875,2.491761476892941
1.0,0.0,27.0,13.0,0.0,0.0,1.0,0.0,853.7224731445312,1.0938581548081838
1.0,559.4431762695312,23.0,12.0,0.0,1.0,0.0,0.0,1117.43896484375,0.933488551679779
1.0,6167.68115234375,24.0,12.0,1.0,0.0,0.0,0.0,2842.763916015625,0.7527082125476253
1.0,6943.341796875,20.0,11.0,1.0,0.0,0.0,1.0,1484.9940185546875,0.30396164780176665
1.0,672.8773193359375,26.0,10.0,1.0,0.0,0.0,1.0,6788.9580078125,0.40828775599926653
1.0,36646.94921875,25.0,14.0,1.0,0.0,1.0,0.0,11536.5703125,1.1475760573910847
1.0,0.0,26.0,10.0,1.0,0.0,1.0,1.0,0.0,0.22518133598190349
1.0,8881.6650390625,20.0,9.0,1.0,0.0,0.0,1.0,0.0,1.2863245452176342
1.0,7382.548828125,31.0,4.0,1.0,0.0,0.0,1.0,4023.2109375,1.1249447699326562
1.0,0.0,24.0,10.0,1.0,0.0,1.0,1.0,4078.152099609375,2.1702129707408866
1.0,4181.94189453125,33.0,11.0,1.0,0.0,1.0,1.0,25142.240234375,1.053309251218498
1.0,15952.599609375,33.0,12.0,1.0,0.0,1.0,0.0,10941.349609375,0.6313625616591948
0.0,0.0,23.0,10.0,1.0,0.0,0.0,1.0,0.0,0.9680760528509645
0.0,12383.6796875,26.0,12.0,0.0,0.0,0.0,0.0,0.0,0.5364891592427676
0.0,0.0,22.0,9.0,1.0,0.0,0.0,1.0,0.0,0.38365192013066296
0.0,14051.16015625,34.0,9.0,1.0,0.0,0.0,1.0,4368.4130859375,2.491586451021396
0.0,10740.080078125,18.0,9.0,1.0,0.0,0.0,1.0,0.0,0.16238733011261747
0.0,11796.4697265625,45.0,11.0,1.0,0.0,0.0,1.0,0.0,0.654697271307241
0.0,9227.0517578125,18.0,9.0,1.0,0.0,0.0,1.0,0.0,1.2153745949203683
0.0,3552.26806640625,27.0,12.0,1.0,0.0,0.0,0.0,2483.85107421875,0.8666535287297571
0.0,10569.26953125,24.0,8.0,0.0,0.0,0.0,1.0,0.0,1.592333015408556
0.0,6040.3349609375,34.0,11.0,1.0,0.0,1.0,1.0,0.0,3.8803332795469734
0.0,9199.5634765625,20.0,13.0,1.0,0.0,0.0,0.0,8965.2431640625,0.3298329756643083
0.0,3880.8330078125,24.0,4.0,0.0,1.0,0.0,1.0,0.0,0.36970895595919556
0.0,16477.01953125,28.0,12.0,0.0,0.0,0.0,0.0,803.343017578125,1.3753090084184816
0.0,0.0,21.0,10.0,1.0,0.0,0.0,1.0,922.5728759765625,3.3032696584642407
0.0,10067.4296875,28.0,12.0,1.0,0.0,1.0,0.0,29009.109375,1.6803594063942704
0.0,4779.72021484375,20.0,12.0,1.0,0.0,0.0,0.0,6004.72802734375,0.9384420124144267
0.0,0.0,23.0,8.0,1.0,0.0,0.0,1.0,3403.055908203125,1.4307328486064905
0.0,8976.826171875,21.0,11.0,1.0,0.0,1.0,1.0,7244.56103515625,2.385336993193991
0.0,0.0,36.0,10.0,1.0,0.0,0.0,1.0,0.0,0.6701805508276617
0.0,2502.52587890625,18.0,12.0,0.0,0.0,0.0,0.0,735.205078125,0.39909459777774986
0.0,5775.06201171875,21.0,14.0,1.0,0.0,0.0,0.0,0.0,0.6618187157841049
0.0,0.0,30.0,13.0,1.0,0.0,0.0,0.0,5569.76123046875,0.2521752072346856
0.0,0.0,26.0,11.0,0.0,1.0,0.0,1.0,1491.0159912109375,2.381899086225113
0.0,0.0,28.0,9.0,1.0,0.0,0.0,1.0,0.0,1.953232076077352
0.0,0.0,31.0,4.0,0.0,0.0,0.0,1.0,10711.080078125,2.836011117514778
0.0,14444.7099609375,18.0,12.0,1.0,0.0,0.0,0.0,642.6644897460938,1.1130787876787942
0.0,0.0,27.0,7.0,1.0,0.0,1.0,1.0,0.0,1.417490872393922
0.0,0.0,19.0,11.0,0.0,0.0,0.0,1.0,0.0,0.9529373731504357
0.0,0.0,20.0,8.0,1.0,0.0,0.0,1.0,0.0,1.5178220717281787
0.0,4623.18798828125,28.0,8.0,1.0,0.0,0.0,1.0,10610.080078125,1.7687116471643705
0.0,2113.721923828125,34.0,12.0,1.0,0.0,0.0,0.0,0.0,0.8712153770895937
0.0,7618.63916015625,24.0,10.0,1.0,0.0,0.0,1.0,0.0,2.4219836607835763
0.0,16461.5703125,24.0,9.0,1.0,0.0,0.0,1.0,0.0,1.0437120307464234
0.0,9920.9453125,22.0,8.0,0.0,1.0,0.0,1.0,0.0,0.4407764663505534
0.0,4196.375,25.0,11.0,1.0,0.0,0.0,1.0,0.0,0.3098999764841963
0.0,8743.0712890625,20.0,11.0,0.0,0.0,0.0,1.0,1177.1180419921875,1.7425766488909218
0.0,3343.22412109375,21.0,9.0,1.0,0.0,0.0,1.0,0.0,1.407006403013576
0.0,1720.906982421875,19.0,12.0,1.0,0.0,0.0,0.0,2814.195068359375,0.12308735490145184
0.0,0.0,39.0,9.0,1.0,0.0,0.0,1.0,0.0,0.5276634132236366
0.0,16658.25,19.0,9.0,1.0,0.0,1.0,1.0,0.0,0.4202916233777115
0.0,0.0,24.0,10.0,1.0,0.0,0.0,1.0,1307.907958984375,0.6238541974937762
0.0,9722.0029296875,44.0,9.0,1.0,0.0,0.0,1.0,0.0,1.9804098986545329
0.0,5573.546875,23.0,11.0,1.0,0.0,0.0,1.0,1896.02294921875,1.5085506890703406
0.0,1333.4449462890625,22.0,12.0,1.0,0.0,0.0,0.0,532.2536010742188,0.5711182085431841
0.0,3783.659912109375,27.0,8.0,1.0,0.0,0.0,1.0,0.0,0.8035191772313852
0.0,215.8347930908203,27.0,11.0,1.0,0.0,1.0,1.0,1122.6209716796875,1.563326392293943
0.0,0.0,18.0,9.0,1.0,0.0,0.0,1.0,1605.447998046875,1.4040153156471267
0.0,3515.928955078125,25.0,8.0,1.0,0.0,0.0,1.0,0.0,1.3691076230606105
0.0,17014.58984375,31.0,10.0,1.0,0.0,0.0,1.0,0.0,1.3527916490029213
0.0,5435.787109375,28.0,10.0,1.0,0.0,0.0,1.0,6567.3291015625,1.0643856095415338
0.0,0.0,26.0,10.0,1.0,0.0,1.0,1.0,558.7733764648438,2.43455254410076
0.0,0.0,30.0,8.0,1.0,0.0,0.0,1.0,1706.656982421875,0.7188700080168435
0.0,6771.6220703125,28.0,11.0,0.0,1.0,1.0,1.0,0.0,1.041161578128565
0.0,0.0,34.0,10.0,1.0,0.0,1.0,1.0,0.0,0.8698387400100964
0.0,0.0,21.0,7.0,0.0,1.0,0.0,1.0,0.0,0.3288893184733837
0.0,5970.2568359375,33.0,12.0,1.0,0.0,0.0,0.0,0.0,1.8528307785133014
0.0,7171.0,19.0,9.0,1.0,0.0,0.0,1.0,1778.0889892578125,0.855746034499977
0.0,0.0,20.0,11.0,1.0,0.0,0.0,1.0,7967.208984375,1.5644061266900224
0.0,1859.1669921875,18.0,10.0,0.0,1.0,0.0,1.0,0.0,1.238431098668517
0.0,0.0,27.0,12.0,1.0,0.0,1.0,0.0,752.3900756835938,2.009771196819917
0.0,6191.94287109375,26.0,12.0,1.0,0.0,1.0,0.0,0.0,1.1187213128160498
0.0,0.0,24.0,9.0,1.0,0.0,0.0,1.0,9662.669921875,0.7301216098122806
0.0,7284.39404296875,31.0,12.0,1.0,0.0,0.0,0.0,0.0,0.735935572109502
0.0,0.0,22.0,12.0,1.0,0.0,0.0,0.0,2158.050048828125,1.8384541291068772
0.0,3123.115966796875,28.0,14.0,1.0,0.0,0.0,0.0,6539.537109375,0.715966107781379
0.0,445.8309020996094,35.0,10.0,1.0,0.0,0.0,1.0,0.0,0.492249139396497
0.0,0.0,20.0,12.0,1.0,0.0,0.0,0.0,0.0,0.3136798874450253
0.0,1320.9229736328125,30.0,9.0,0.0,0.0,0.0,1.0,3141.9169921875,0.5815691578662563
0.0,0.0,25.0,11.0,1.0,0.0,0.0,1.0,0.0,0.2330595171747886
0.0,7367.0400390625,25.0,10.0,1.0,0.0,0.0,1.0,0.0,0.4943704453593691
0.0,0.0,35.0,11.0,1.0,0.0,0.0,1.0,0.0,0.09711608289407374
0.0,0.0,22.0,8.0,1.0,0.0,0.0,1.0,6150.52001953125,0.8292154736216986
0.0,0.0,21.0,12.0,1.0,0.0,0.0,0.0,449.04791259765625,2.158520607354416
0.0,2015.5030517578125,20.0,10.0,1.0,0.0,0.0,1.0,0.0,0.38443588873014034
0.0,1764.1080322265625,21.0,8.0,1.0,0.0,0.0,1.0,2237.2080078125,2.2288439419898403
0.0,15791.1298828125,25.0,9.0,0.0,1.0,0.0,1.0,0.0,0.522196161696789
0.0,5350.0380859375,24.0,10.0,0.0,1.0,0.0,1.0,3000.837890625,0.9863569309746554
0.0,18859.890625,33.0,11.0,1.0,0.0,0.0,1.0,2899.820068359375,0.529189830540543
0.0,0.0,21.0,9.0,1.0,0.0,0.0,1.0,12357.2197265625,2.0069494715498384
0.0,0.0,27.0,11.0,1.0,0.0,1.0,1.0,4491.8837890625,0.32531265169685064
0.0,1135.469970703125,27.0,10.0,1.0,0.0,0.0,1.0,0.0,0.4028388939454913
0.0,6378.72021484375,20.0,11.0,0.0,1.0,0.0,1.0,0.0,1.7168408525438568
0.0,10020.7197265625,25.0,13.0,1.0,0.0,0.0,0.0,10240.3603515625,0.5378851919586775
0.0,5497.5908203125,18.0,11.0,1.0,0.0,0.0,1.0,645.2722778320312,0.15958138048895873
0.0,7176.18701171875,26.0,11.0,1.0,0.0,0.0,1.0,0.0,0.8922527506023203
0.0,0.0,38.0,8.0,1.0,0.0,0.0,1.0,0.0,1.6267059224265323
0.0,8396.654296875,21.0,11.0,1.0,0.0,1.0,1.0,7652.1201171875,0.5838308476426
0.0,5611.8662109375,34.0,11.0,1.0,0.0,0.0,1.0,8912.484375,1.7737702466810403
0.0,39483.53125,21.0,10.0,1.0,0.0,0.0,1.0,1162.362060546875,1.3017295120379724
0.0,7404.76220703125,31.0,13.0,1.0,0.0,0.0,0.0,10393.6103515625,3.707140561804327
0.0,7952.5400390625,34.0,10.0,1.0,0.0,0.0,1.0,0.0,1.0514276227583053
0.0,0.0,25.0,11.0,1.0,0.0,0.0,1.0,3649.76904296875,0.9347715201503989
0.0,8644.4267578125,24.0,9.0,1.0,0.0,0.0,1.0,1275.35595703125,0.39576231293923153
0.0,0.0,19.0,12.0,1.0,0.0,0.0,0.0,0.0,0.7545817340206491
0.0,7152.1318359375,32.0,8.0,1.0,0.0,0.0,1.0,0.0,1.031500524669242
0.0,8329.8232421875,20.0,9.0,0.0,1.0,0.0,1.0,0.0,1.9570858555566533
0.0,0.0,23.0,10.0,1.0,0.0,0.0,1.0,0.0,1.4425584463111838
0.0,12429.91015625,38.0,10.0,1.0,0.0,0.0,1.0,0.0,0.32637221201982136
0.0,0.0,24.0,11.0,1.0,0.0,0.0,1.0,0.0,0.24964897884351853
0.0,11223.7197265625,19.0,10.0,0.0,1.0,0.0,1.0,1197.4620361328125,1.2729732509713028
0.0,5088.759765625,23.0,11.0,1.0,0.0,0.0,1.0,0.0,0.6525884603076267
0.0,4374.0400390625,20.0,7.0,0.0,1.0,0.0,1.0,0.0,1.1204102745388291
0.0,0.0,25.0,10.0,1.0,0.0,1.0,1.0,9319.4443359375,0.9430569252314519
0.0,1553.291015625,21.0,11.0,1.0,0.0,0.0,1.0,0.0,1.024941698507117
0.0,0.0,25.0,10.0,1.0,0.0,0.0,1.0,0.0,0.6937098724705666
0.0,1698.303955078125,22.0,11.0,1.0,0.0,1.0,1.0,0.0,1.5161550040330345
0.0,16900.30078125,29.0,9.0,0.0,1.0,0.0,1.0,16341.16015625,0.9763478068547783
0.0,11630.66015625,21.0,11.0,1.0,0.0,0.0,1.0,1862.8890380859375,1.4296781324137986
0.0,11011.5703125,21.0,7.0,1.0,0.0,0.0,1.0,0.0,0.9754179432173633
0.0,0.0,23.0,11.0,1.0,0.0,0.0,1.0,0.0,0.6068086916535458
0.0,20893.109375,20.0,12.0,1.0,0.0,0.0,0.0,1371.4730224609375,0.3818535443228231
0.0,20857.83984375,21.0,11.0,0.0,1.0,0.0,1.0,8920.470703125,0.6096999858188479
0.0,4677.048828125,26.0,12.0,1.0,0.0,0.0,0.0,7322.037109375,0.557807453254511
0.0,11294.6298828125,24.0,12.0,0.0,0.0,0.0,0.0,0.0,0.5156233448255881
0.0,7565.27294921875,43.0,10.0,1.0,0.0,0.0,1.0,4128.44287109375,2.6327883455304715
0.0,0.0,31.0,11.0,1.0,0.0,0.0,1.0,1726.4449462890625,0.8676227545745399
0.0,100.69979858398438,22.0,11.0,1.0,0.0,0.0,1.0,2707.3720703125,0.25242590493275907
0.0,0.0,29.0,11.0,1.0,0.0,0.0,1.0,0.0,0.8485561258441123
0.0,14626.3896484375,24.0,11.0,1.0,0.0,0.0,1.0,0.0,0.7236030033812321
0.0,12898.3798828125,22.0,9.0,1.0,0.0,0.0,1.0,0.0,1.388383859145008
0.0,7396.2919921875,19.0,11.0,1.0,0.0,0.0,1.0,8870.87890625,1.2286497257835916
0.0,5767.1328125,28.0,11.0,1.0,0.0,0.0,1.0,0.0,0.2559263601093411
0.0,6527.9189453125,18.0,10.0,0.0,1.0,0.0,1.0,0.0,0.712464621653571
0.0,5767.7041015625,18.0,9.0,1.0,0.0,0.0,1.0,2138.093994140625,1.1504702663176256
0.0,3931.238037109375,26.0,10.0,1.0,0.0,0.0,1.0,0.0,0.3129082227805318
0.0,20942.240234375,25.0,10.0,1.0,0.0,0.0,1.0,0.0,0.19129437839503485
0.0,10820.5498046875,26.0,12.0,1.0,0.0,0.0,0.0,8479.5927734375,1.4993890397153127
0.0,23483.44921875,23.0,11.0,1.0,0.0,0.0,1.0,29897.189453125,1.6226841280473103
0.0,11731.2001953125,20.0,8.0,0.0,1.0,0.0,1.0,1124.801025390625,0.7014206960822533
0.0,0.0,24.0,10.0,1.0,0.0,0.0,1.0,0.0,0.8121582388041373
0.0,1653.48095703125,27.0,13.0,1.0,0.0,0.0,0.0,8797.34765625,0.07921589643939375
0.0,0.0,26.0,5.0,1.0,0.0,0.0,1.0,0.0,0.044669245121777924
0.0,0.0,37.0,10.0,1.0,0.0,0.0,1.0,8606.7431640625,2.5891237584777524
0.0,14690.349609375,36.0,10.0,1.0,0.0,0.0,1.0,0.0,1.678736770163762
0.0,0.0,22.0,11.0,1.0,0.0,0.0,1.0,0.0,0.7087102419431923
0.0,604.19873046875,22.0,9.0,1.0,0.0,0.0,1.0,506.4075927734375,0.5815596401690624
0.0,3418.096923828125,25.0,12.0,1.0,0.0,0.0,0.0,0.0,0.9326016189952516
0.0,0.0,22.0,10.0,1.0,0.0,0.0,1.0,1765.676025390625,1.3394690304405608
0.0,11197.33984375,27.0,11.0,1.0,0.0,0.0,1.0,0.0,3.1662279867978196
0.0,0.0,29.0,8.0,1.0,0.0,0.0,1.0,0.0,1.4744873106753824
0.0,6546.009765625,18.0,9.0,1.0,0.0,0.0,1.0,2006.6290283203125,1.771004592914927
0.0,0.0,24.0,12.0,1.0,0.0,0.0,0.0,0.0,1.1934480847020592
0.0,6723.4140625,27.0,9.0,0.0,1.0,0.0,1.0,1596.761962890625,1.37577140616525
0.0,1914.4139404296875,19.0,9.0,1.0,0.0,0.0,1.0,902.4564819335938,0.34439829976088304
0.0,0.0,22.0,10.0,1.0,0.0,0.0,1.0,0.0,4.031186223451298
0.0,132.75999450683594,29.0,12.0,1.0,0.0,0.0,0.0,1359.3470458984375,0.5109450892368357
0.0,3982.801025390625,30.0,11.0,1.0,0.0,1.0,1.0,9311.9384765625,2.148412239868829
0.0,11607.08984375,22.0,7.0,1.0,0.0,0.0,1.0,13503.76953125,0.6189856449213416
0.0,1455.68994140625,24.0,7.0,1.0,0.0,0.0,1.0,0.0,0.9888993470795835
0.0,7226.048828125,29.0,14.0,1.0,0.0,0.0,0.0,3357.18505859375,0.8996473498941913
0.0,1890.93701171875,29.0,12.0,1.0,0.0,0.0,0.0,0.0,1.2571284044251787
0.0,2639.2900390625,22.0,11.0,1.0,0.0,0.0,1.0,1321.6600341796875,1.5950668869269913
0.0,4485.6162109375,25.0,11.0,0.0,1.0,1.0,1.0,0.0,1.4455422756493659
0.0,13613.349609375,30.0,12.0,1.0,0.0,0.0,0.0,0.0,0.147960577437454
0.0,1390.509033203125,22.0,8.0,1.0,0.0,0.0,1.0,0.0,1.1238741718161762
0.0,5843.7958984375,55.0,3.0,1.0,0.0,0.0,1.0,0.0,1.4552125454757794
0.0,9453.8271484375,35.0,10.0,1.0,0.0,0.0,1.0,9902.7626953125,1.2402889384757394
0.0,8598.5224609375,20.0,10.0,1.0,0.0,0.0,1.0,0.0,2.124064258006931
0.0,9378.6533203125,29.0,9.0,1.0,0.0,0.0,1.0,1203.823974609375,0.590970907757924
0.0,7896.70703125,20.0,11.0,1.0,0.0,0.0,1.0,3470.388916015625,1.9210112837818758
0.0,0.0,27.0,9.0,1.0,0.0,0.0,1.0,2129.01611328125,0.7836405452453916
0.0,16988.1796875,28.0,10.0,1.0,0.0,1.0,1.0,6449.47998046875,1.4543950269912955
0.0,0.0,20.0,11.0,1.0,0.0,0.0,1.0,2531.31103515625,0.7904274665070588
0.0,0.0,26.0,14.0,1.0,0.0,1.0,0.0,2025.5660400390625,2.0864916009579724
0.0,2987.10107421875,19.0,8.0,0.0,1.0,0.0,1.0,1087.802978515625,1.778491345714705
0.0,2920.198974609375,34.0,11.0,1.0,0.0,0.0,1.0,0.0,0.578405188032377
0.0,0.0,22.0,12.0,1.0,0.0,0.0,0.0,0.0,0.6039101943661062
0.0,6735.31982421875,32.0,12.0,0.0,1.0,1.0,0.0,0.0,2.141534576383234
0.0,0.0,19.0,11.0,1.0,0.0,0.0,1.0,1868.02099609375,1.0153189272988912
0.0,0.0,31.0,10.0,1.0,0.0,0.0,1.0,0.0,0.5560157336442596
0.0,0.0,18.0,9.0,1.0,0.0,0.0,1.0,0.0,2.641805260890998
0.0,128.6719970703125,28.0,10.0,1.0,0.0,0.0,1.0,4479.5869140625,0.5072042572698827
0.0,10673.7001953125,32.0,12.0,1.0,0.0,0.0,0.0,12419.1796875,1.4025363580230872
0.0,0.0,50.0,10.0,0.0,1.0,0.0,1.0,0.0,0.5630725825200618
0.0,4159.9189453125,20.0,12.0,1.0,0.0,0.0,0.0,591.8151245117188,2.3858570822093585
0.0,44.75545883178711,25.0,11.0,1.0,0.0,1.0,1.0,0.0,0.7998827960509873
0.0,0.0,23.0,10.0,1.0,0.0,1.0,1.0,0.0,0.41566828268942263
0.0,29408.0390625,21.0,14.0,1.0,0.0,0.0,0.0,5926.794921875,1.6888911549980858
0.0,0.0,38.0,10.0,1.0,0.0,0.0,1.0,0.0,0.39229510462449624
0.0,9722.3486328125,25.0,7.0,0.0,1.0,0.0,1.0,1177.1180419921875,0.3160158787230552
0.0,3701.81201171875,25.0,10.0,1.0,0.0,1.0,1.0,0.0,0.39218994181483885
0.0,16969.94921875,29.0,12.0,1.0,0.0,0.0,0.0,2080.208984375,0.14194415253804502
0.0,6930.3359375,42.0,10.0,1.0,0.0,0.0,1.0,0.0,2.253760028130564
0.0,3795.799072265625,39.0,12.0,1.0,0.0,1.0,0.0,0.0,1.3406876189488421
0.0,9074.763671875,27.0,11.0,1.0,0.0,1.0,1.0,20035.259765625,1.7343188319664686
0.0,5193.2470703125,34.0,13.0,1.0,0.0,1.0,0.0,0.0,1.1144232246389831
0.0,479.2677001953125,25.0,11.0,1.0,0.0,1.0,1.0,3266.406005859375,0.09442317065899485
0.0,0.0,28.0,10.0,1.0,0.0,0.0,1.0,10068.400390625,0.9847160238024614
0.0,2193.528076171875,24.0,7.0,1.0,0.0,0.0,1.0,0.0,2.9503489079519625
0.0,11120.5302734375,32.0,11.0,1.0,0.0,0.0,1.0,0.0,0.6676958972322121
0.0,7609.51806640625,27.0,13.0,1.0,0.0,0.0,0.0,0.0,2.3307911952031235
0.0,6086.9658203125,20.0,12.0,1.0,0.0,0.0,0.0,4932.21484375,0.5051710872444226
0.0,2725.322021484375,29.0,13.0,1.0,0.0,0.0,0.0,2265.5791015625,1.1576045063340503
0.0,2169.027099609375,26.0,10.0,1.0,0.0,0.0,1.0,0.0,0.9513095218136975
0.0,0.0,44.0,11.0,1.0,0.0,0.0,1.0,0.0,0.8138550246292882
0.0,597.4199829101562,24.0,9.0,1.0,0.0,0.0,1.0,4118.68115234375,0.255728698673803
0.0,6793.0771484375,28.0,10.0,0.0,0.0,1.0,1.0,6346.19287109375,1.6813079755130838
0.0,9495.90234375,24.0,11.0,1.0,0.0,0.0,1.0,1327.9930419921875,0.922501035752971
0.0,1264.2320556640625,25.0,11.0,1.0,0.0,0.0,1.0,0.0,0.9674127236259179
0.0,14281.3095703125,25.0,8.0,1.0,0.0,1.0,1.0,515.827392578125,2.542446613897402
0.0,10274.83984375,23.0,11.0,1.0,0.0,0.0,1.0,5716.4072265625,0.8570279929234682
0.0,278.8750915527344,20.0,11.0,1.0,0.0,0.0,1.0,1650.4610595703125,0.5956225025187967
0.0,11235.1103515625,24.0,12.0,1.0,0.0,0.0,0.0,8100.533203125,1.9567232207717555
